title,description,thumbnailUrl,gameUrl,instructions,categories,tags,slug
AYOCS Sprunkr Dandy's World,"HomeAYOCS Sprunkr Dandy's WorldAYOCS Sprunkr Dandy's World583 votesAYOCS SPRUNKR Dandy's World Modis avibrant and whimsical remixthat blendsSprunki's rhythmic creativity with the charming yet unpredictable energy of Dandy's World. This mod introducesplayful yet intricate beats, cartoonish sound effects, and a mix of lighthearted and chaotic rhythms, making for afun yet immersive musical experience. The visuals arecolorful and dynamic, featuringhand-drawn animations, surreal environments, and liv...",AYOCS_Sprunkr_Dandy's_World.png,https://wowtbc.net/sprunkin/ayocs-sprunkr-dandy/index.html,"How to Play:
1. Click and drag beats to create music
2. Mix different sounds together
3. Create your own unique rhythms","Music,Rhythm","sprunki,music,rhythm,remix",ayocs-sprunkr-dandys-world
Cold As Frost But Sprunki Swapped,"HomeCold As Frost But Sprunki SwappedCold As Frost But Sprunki Swapped583 votesCold As Frost but Sprunki Swapped Modis afrozen, remix-infused crossoverthat takes the chilling atmosphere ofCold As Frostand merges it with thecharacter-swapping mechanics of Sprunki Swapped. This mod introducesicy synths, deep atmospheric bass, and reversed, unpredictable transitions, creating acold yet dynamic musical experience. The visuals are a mix ofsnow-covered landscapes, glitchy swap effects, and frosty blue...",Cold_As_Frost_But_Sprunki_Swapped.png,https://wowtbc.net/sprunkin/cold-frost-sprunki-swapped/index.html,"How to Play:
1. Click and drag beats to create music
2. Mix different sounds together
3. Create your own unique rhythms","Music,Rhythm","sprunki,music,rhythm,remix",cold-as-frost-but-sprunki-swapped
Corruptbox but Abgerny,"HomeCorruptbox but AbgernyCorruptbox but Abgerny583 votesCorruptbox but Abgerny Modis aglitch-infused, high-energy remixthat merges thechaotic, distorted sounds of CorruptboxwithAbgerny's signature rhythmic complexity. This mod introducesdeep basslines, eerie synths, and intense glitch effects, creating adark, electrifying soundscapewhere every beat feels unstable yet powerful. The visuals combineglitchy distortions, neon-hacked effects, and shifting, fragmented animations, making every mix feel...",Corruptbox_but_Abgerny.png,https://wowtbc.net/sprunkin/corruptbox-abgerney/index.html,"How to Play:
1. Click and drag beats to create music
2. Mix different sounds together
3. Create your own unique rhythms","Music,Rhythm","sprunki,music,rhythm,remix",corruptbox-but-abgerny
Maroon × Sprunki,"HomeMaroon × SprunkiMaroon × Sprunki583 votesMaroon × Sprunki Modis afusion of deep, moody rhythms and Sprunki's signature beat-driven energy, blendingsoulful melodies, atmospheric synths, and rich harmonicsinto an immersive musical experience. This mod introducessmooth yet powerful beats, layered vocal textures, and cinematic transitions, creating amelancholic yet uplifting soundscape. The visuals aredark and elegant, featuringshades of maroon, soft lighting effects, and abstract, dreamy animat...",Maroon_×_Sprunki.png,https://wowtbc.net/sprunkin/maroon-sprunki/index.html,"How to Play:
1. Click and drag beats to create music
2. Mix different sounds together
3. Create your own unique rhythms","Music,Rhythm","sprunki,music,rhythm,remix",maroon-×-sprunki
Melophobia But Sprunki 2.0,"HomeMelophobia But Sprunki 2.0Melophobia But Sprunki 2.0583 votesMelophobia But Sprunki 2.0 Modis achaotic, distortion-heavy remixthat fuses theglitchy, unsettling atmosphere of Melophobiawith thesignature rhythmic style of Sprunkiin itsrevamped 2.0 edition. This mod takeshaunting melodies, warped basslines, and eerie sound distortions, mixing them into amind-bending, horror-infused beat experience. The visuals are filled withglitch effects, nightmarish imagery, and shifting, unpredictable anima...",Melophobia_But_Sprunki_2.0.png,https://wowtbc.net/sprunkin/melophobia2/index.html,"How to Play:
1. Click and drag beats to create music
2. Mix different sounds together
3. Create your own unique rhythms","Music,Rhythm","sprunki,music,rhythm,remix",melophobia-but-sprunki-2.0
ParaSprunki 15.0 Part 2 Reupload,"HomeParaSprunki 15.0 Part 2 ReuploadParaSprunki 15.0 Part 2 Reupload583 votesParaSprunki 15.0 Part 2 Reupload Modis arevamped and expanded continuationof theParaSprunki series, bringingeven more refined beats, glitch effects, and rhythmic complexity. This reupload ensuressmoother transitions, enhanced sound layering, and updated visuals, making every mix feelmore immersive and high-energy than ever before. Featuringdeep bass distortions, unpredictable tempo shifts, and cybernetic synths, this mo...",ParaSprunki_15.0_Part_2_Reupload.png,https://wowtbc.net/sprunkin/parasprunki15-part2reupload/index.html,"How to Play:
1. Click and drag beats to create music
2. Mix different sounds together
3. Create your own unique rhythms","Music,Rhythm","sprunki,music,rhythm,remix",parasprunki-15.0-part-2-reupload
Parasprunki Interactive Phase 2,"HomeParasprunki Interactive Phase 2Parasprunki Interactive Phase 2583 votesParaSprunki Interactive Phase 2 Modis anext-level immersive remixthat bringsdynamic, player-driven interactivityto the world of Sprunki. This mod enhancesParaSprunki's signature chaotic rhythmswithreal-time effects, responsive sound layering, and branching beat structures, making each playthrough feelunique and unpredictable. The visuals featurefluid, glitchy animations, interactive neon overlays, and evolving environment...",Parasprunki_Interactive_Phase_2.png,https://wowtbc.net/sprunkin/parasprunki-interactive-phase2/index.html,"How to Play:
1. Click and drag beats to create music
2. Mix different sounds together
3. Create your own unique rhythms","Music,Rhythm","sprunki,music,rhythm,remix",parasprunki-interactive-phase-2
Pokemon Remastered Retake,"HomePokemon Remastered RetakePokemon Remastered Retake583 votesPokémon Remastered Retake Modis arevamped, high-definition remixthat bringsclassic Pokémon-inspired beatsinto arefined, rhythm-driven experience. This modreimagines nostalgic Pokémon melodieswithmodern synths, deep basslines, and electrifying battle themes, making for anintense and immersive musical journey. The visuals featurevibrant pixel art, enhanced battle animations, and dynamic lighting effects, creating afusion of classic Pok...",Pokemon_Remastered_Retake.png,https://wowtbc.net/sprunkin/pokemon-remastered/index.html,"How to Play:
1. Click and drag beats to create music
2. Mix different sounds together
3. Create your own unique rhythms","Music,Rhythm","sprunki,music,rhythm,remix",pokemon-remastered-retake
Runki Pyramixed Version,"HomeRunki Pyramixed VersionRunki Pyramixed Version583 votesCode ?121LunRunki Pyramixed Versionis ageometrically complex remixthat fusesRunki's fast-paced rhythms with the structured precision of Pyramixed beats. This mod introducessharp synth sequences, layered polyrhythms, and dynamic tempo shifts, creating ahigh-energy and mathematically intricate musical experience. The visuals arevibrant yet structured, featuringpyramid-inspired neon designs, symmetrical animations, and shifting geometric l...",Runki_Pyramixed_Version.png,https://wowtbc.net/sprunkin/runki-pyramixed/index.html,"How to Play:
1. Click and drag beats to create music
2. Mix different sounds together
3. Create your own unique rhythms","Music,Rhythm","sprunki,music,rhythm,remix",runki-pyramixed-version
Sprunk Shatter Version,"HomeSprunk Shatter VersionSprunk Shatter Version583 votesSprunk Shatter Version Modis aglitchy, fractured remixof Sprunk, featuringbroken melodies, distorted bass, and unpredictable sound shiftsthat make every beat feel like it'sfalling apart and reforming in real-time. This mod introducesshattered synths, abrupt tempo changes, and eerie echoes, creating achaotic yet mesmerizing soundscape. The visuals are filled withcracked neon lights, fragmented animations, and glitch effects, making every mi...",Sprunk_Shatter_Version.png,https://wowtbc.net/sprunkin/sprunk-shatter/index.html,"How to Play:
1. Click and drag beats to create music
2. Mix different sounds together
3. Create your own unique rhythms","Music,Rhythm","sprunki,music,rhythm,remix",sprunk-shatter-version
Sprunk but Bob,"HomeSprunk but BobSprunk but Bob583 votesSprunk But Bob Modis achaotic and unpredictable remixthat brings thememe-fueled energy of Bobinto the Sprunk universe. This mod takes theclassic Sprunk beats and distorts them with Bob's signature randomness, featuringglitchy sound effects, distorted basslines, and comedic voice samplesthat turn every mix into awacky, over-the-top experience. The visuals are just as wild, withintentionally low-quality graphics, exaggerated animations, and meme-worthy expr...",Sprunk_but_Bob.png,https://wowtbc.net/sprunkin/sprunk-bob/index.html,"How to Play:
1. Click and drag beats to create music
2. Mix different sounds together
3. Create your own unique rhythms","Music,Rhythm","sprunki,music,rhythm,remix",sprunk-but-bob
Sprunked Plus+ Mod,"HomeSprunked Plus+Sprunked Plus+583 votesSprunked Plus+ Modis apower-packed expansionof the originalSprunked Mod, bringingnew beats, enhanced visuals, and refined sound mechanicsto create theultimate Sprunki remix experience. This mod introducesricher basslines, sharper synths, and additional sound layers, making every mix feelfuller and more dynamic. The visuals are upgraded withvibrant neon lighting, glitch effects, and high-energy animations, giving the mod asleek and modern feel.How to Play ...",Sprunked_Plus+_Mod.png,https://wowtbc.net/sprunkin/sprunked-plus/index.html,"How to Play:
1. Click and drag beats to create music
2. Mix different sounds together
3. Create your own unique rhythms","Music,Rhythm","sprunki,music,rhythm,remix",sprunked-plus+-mod
Sprunked X Sprunki But it's Parasite,"HomeSprunked X Sprunki But it's ParasiteSprunked X Sprunki But it's Parasite583 votesSprunked X Sprunki But It's Parasite Modis adark, glitch-infused crossoverthat fuses the chaotic energy ofSprunked and Sprunkiwith acorrupting parasite theme. This mod transforms the soundscape withdistorted, infected beats, eerie synth pulses, and unpredictable tempo shifts, making each mix feelunsettling yet thrilling. The visuals arecorrupted with glitch effects, pulsating parasite growths, and shifting anima...",Sprunked_X_Sprunki_But_it's_Parasite.png,https://wowtbc.net/sprunkin/sprunked-parasite-9/index.html,"How to Play:
1. Click and drag beats to create music
2. Mix different sounds together
3. Create your own unique rhythms","Music,Rhythm","sprunki,music,rhythm,remix",sprunked-x-sprunki-but-its-parasite
Sprunked X Sprunki but Parasite 2.5,"HomeSprunked X Sprunki but Parasite 2.5Sprunked X Sprunki but Parasite 2.5583 votesSprunked X Sprunki but Parasite 2.5is adark, glitch-infested crossoverthat merges thechaotic energy of Sprunked, the rhythmic depth of Sprunki, and the eerie, evolving distortions of the Parasite series. This mod introducescorrupted melodies, distorted basslines, and haunting vocal glitches, creating atwisted and unsettling musical experience. The visuals are packed withpulsating parasite growths, digital corrupti...",Sprunked_X_Sprunki_but_Parasite_2.5.png,https://wowtbc.net/sprunkin/sprunked-parasite2.5/index.html,"How to Play:
1. Click and drag beats to create music
2. Mix different sounds together
3. Create your own unique rhythms","Music,Rhythm","sprunki,music,rhythm,remix",sprunked-x-sprunki-but-parasite-2.5
Sprunki 1996,"HomeSprunki 1996Sprunki 1996583 votesSprunki 1996 Modis aretro-inspired, nostalgic remixthat takes Sprunki back to thegolden era of 90s electronic music, blendingvintage synths, grainy samples, and lo-fi beatsto create athrowback soundscape. This mod featuresclassic drum machines, VHS-style distortions, and arcade-inspired melodies, making every mix feel like ablast from the past. The visuals arepixelated, VHS-filtered, and filled with neon aesthetics, capturing theauthentic vibe of 1996's under...",Sprunki_1996.png,https://wowtbc.net/sprunkin/sprunki-1996/index.html,"How to Play:
1. Click and drag beats to create music
2. Mix different sounds together
3. Create your own unique rhythms","Music,Rhythm","sprunki,music,rhythm,remix",sprunki-1996
Sprunki 2P,"HomeSprunki 2PSprunki 2P583 votesSprunki 2P Modis amultiplayer-inspired remixthat brings adual-player twistto the Sprunki experience, allowing forcollaborative or competitive beat mixing. This mod introducessynchronized rhythms, split-screen visuals, and interactive sound layering, creating adynamic and engaging way to mix beats with a second player. The visuals are designed withdual-tone effects, mirrored animations, and interactive elements, making it feel like arhythmic battle or duet perform...",Sprunki_2P.png,https://sprunkin.com/games/11234/,"How to Play:
1. Click and drag beats to create music
2. Mix different sounds together
3. Create your own unique rhythms","Music,Rhythm","sprunki,music,rhythm,remix",sprunki-2p
Sprunki But Old,"HomeSprunki But OldSprunki But Old583 votesSprunki But Old Modis anostalgic, retro-styled remixof Sprunki that takes the gameback in time, featuringclassic, aged sound design and vintage aesthetics. This mod transforms thecrisp, modern beatsof Sprunki intodusty, lo-fi melodies, worn-out synths, and old-school rhythms, giving every mix awarm, antique feel. The visuals are inspired bysepia tones, film grain effects, and scratchy textures, making it look like alost relic from the past.How to Play S...",Sprunki_But_Old.png,https://wowtbc.net/sprunkin/sprunki-old/index.html,"How to Play:
1. Click and drag beats to create music
2. Mix different sounds together
3. Create your own unique rhythms","Music,Rhythm","sprunki,music,rhythm,remix",sprunki-but-old
Sprunki Cendi,"HomeSprunki CendiSprunki Cendi583 votesSprunki Cendi Modis aquirky, high-energy remixthat blendsSprunki's signature rhythmic stylewith theplayful, eccentric world of Cendi. This mod introducesbouncy beats, wacky sound effects, and chaotic yet catchy melodies, creating afun and unpredictable musical experience. The visuals featurecartoonish animations, exaggerated character expressions, and vibrant, dynamic backgrounds, making every mix feel like azany musical adventure.How to Play Sprunki Cendi ...",Sprunki_Cendi.png,https://wowtbc.net/sprunkin/sprunki-cendi/index.html,"How to Play:
1. Click and drag beats to create music
2. Mix different sounds together
3. Create your own unique rhythms","Music,Rhythm","sprunki,music,rhythm,remix",sprunki-cendi
Sprunki Chaotic Good Night Time,"HomeSprunki Chaotic Good Night TimeSprunki Chaotic Good Night Time583 votesSprunki Chaotic Good Night Time Modis afusion of serene nighttime ambiance and unpredictable chaotic energy, creating adreamlike yet wild musical experience. This mod blendssoft lullaby-like melodies, eerie echoes, and glitchy distortions, making every mix feel like ajourney through a surreal, shifting dreamscape. The visuals contrastcalm moonlit skies with bursts of vibrant, chaotic animations, representing the balance b...",Sprunki_Chaotic_Good_Night_Time.png,https://wowtbc.net/sprunkin/chaotic-good-night/index.html,"How to Play:
1. Click and drag beats to create music
2. Mix different sounds together
3. Create your own unique rhythms","Music,Rhythm","sprunki,music,rhythm,remix",sprunki-chaotic-good-night-time
Sprunki Dandy's World Remastered,"HomeSprunki Dandy's World RemasteredSprunki Dandy's World Remastered583 votesSprunki Dandy's World Remastered Modis arevamped, polished, and enhanced versionof the originalDandy's World Mod, bringingbrighter visuals, refined beats, and a smoother music experience. This remastered edition improves uponthe whimsical, fantasy-inspired world of Dandy, featuringuplifting melodies, playful percussion, and dreamy synthsthat make every mix feel like amagical journey through a vibrant soundscape. The vis...",Sprunki_Dandy's_World_Remastered.png,https://wowtbc.net/sprunkin/dandy-world-remastered/index.html,"How to Play:
1. Click and drag beats to create music
2. Mix different sounds together
3. Create your own unique rhythms","Music,Rhythm","sprunki,music,rhythm,remix",sprunki-dandys-world-remastered
Sprunki Definitive Phase 9 Fan,"HomeSprunki Definitive Phase 9 Fan-madeSprunki Definitive Phase 9 Fan-made583 votesSprunki Definitive Phase 9 Fan-Made Modis anepic, high-intensity fan creationthat takes theSprunki Phase series to its ultimate evolution. This mod expands onPhase 9's dark, futuristic, and glitchy atmosphere, introducingnew bass-heavy beats, eerie synths, and cinematic transitionsto create adeep, immersive sound experience. The visuals are a mix ofneon-lit cyber aesthetics, corrupted digital distortions, and surr...",Sprunki_Definitive_Phase_9_Fan.png,https://wowtbc.net/sprunkin/definitive-phase9-fanmade/index.html,"How to Play:
1. Click and drag beats to create music
2. Mix different sounds together
3. Create your own unique rhythms","Music,Rhythm","sprunki,music,rhythm,remix",sprunki-definitive-phase-9-fan
Sprunki Dessert Sweetness,"HomeSprunki Dessert SweetnessSprunki Dessert Sweetness583 votesSprunki Dessert Sweetness Modis adelightfully sugary remixthat blendsSprunki's signature rhythms with a fun, candy-coated twist. This mod introducessoft, bouncy beats, creamy synth waves, and playful, melodic chimes, creating asweet and lighthearted musical experience. The visuals arevibrant and colorful, featuringdessert-themed animations, pastel backgrounds, and a whimsical candyland aesthetic, making every mix feelas delightful as...",Sprunki_Dessert_Sweetness.png,https://wowtbc.net/sprunkin/dessert-sweert/index.html,"How to Play:
1. Click and drag beats to create music
2. Mix different sounds together
3. Create your own unique rhythms","Music,Rhythm","sprunki,music,rhythm,remix",sprunki-dessert-sweetness
Sprunki Donkstard,"HomeSprunki DonkstardSprunki Donkstard583 votesSprunki Donkstard Modis ahigh-energy, bass-boostedSprunki mod that bringshard-hitting donk beats, bouncy basslines, and electrifying synthsinto the rhythm-mixing experience. Inspired byclub anthems and underground rave sounds, this mod is packed withdistorted kicks, funky melodies, and energetic drops, making every mix feel like awild, dance-fueled party. The visuals featurebright neon colors, pulsing light effects, and glitchy rave aesthetics, crea...",Sprunki_Donkstard.png,https://wowtbc.net/sprunkin/donkstard/index.html,"How to Play:
1. Click and drag beats to create music
2. Mix different sounds together
3. Create your own unique rhythms","Music,Rhythm","sprunki,music,rhythm,remix",sprunki-donkstard
Sprunki Dx,"HomeSprunki DxSprunki Dx583 votesSprunki DX Modis adeluxe, upgraded editionof Sprunki, featuringrefined beats, enhanced visuals, and expanded soundscapesfor apremium music-mixing experience. This mod bringshigh-definition audio, smoother transitions, and richer sound layering, making every mix feelmore dynamic and immersive. The visuals aresleek and modern, withvibrant neon effects, sharper animations, and a polished interface, giving the mod ahigh-end, professional feel.How to Play Sprunki Dx M...",Sprunki_Dx.png,https://wowtbc.net/sprunkin/sprunki-dx/index.html,"How to Play:
1. Click and drag beats to create music
2. Mix different sounds together
3. Create your own unique rhythms","Music,Rhythm","sprunki,music,rhythm,remix",sprunki-dx
Sprunki EmojiCat,"HomeSprunki EmojiCatSprunki EmojiCat583 votesSprunki EmojiCat Modis afun, expressive, and internet-inspiredSprunki mod that brings the world ofemojis and feline energyinto the music-mixing experience. This mod combinesplayful, meme-worthy beats with smooth synths and bouncy basslines, creating alighthearted yet dynamic soundscape. The visuals are packed withcolorful emojis, cartoonish cat animations, and glitchy internet aesthetics, making every mix feel like amusical meme adventure.How to Play ...",Sprunki_EmojiCat.png,https://wowtbc.net/sprunkin/emojicat/index.html,"How to Play:
1. Click and drag beats to create music
2. Mix different sounds together
3. Create your own unique rhythms","Music,Rhythm","sprunki,music,rhythm,remix",sprunki-emojicat
Sprunki Ener Caster Retake,"HomeSprunki Ener Caster RetakeSprunki Ener Caster Retake583 votesSprunki Ener Caster Retake Modis apowerful, high-intensity remixof the originalEner Caster mod, featuringrevamped beats, electrifying synths, and intensified basslinesfor anenergized, futuristic music experience. This retake version enhanceslayered melodies, glitchy distortions, and rhythmic complexities, making every mix feelmore dynamic and immersive. The visuals have been upgraded withneon effects, pulsing energy waves, and slee...",Sprunki_Ener_Caster_Retake.png,https://wowtbc.net/sprunkin/ener-cast/index.html,"How to Play:
1. Click and drag beats to create music
2. Mix different sounds together
3. Create your own unique rhythms","Music,Rhythm","sprunki,music,rhythm,remix",sprunki-ener-caster-retake
Sprunki Fiddlebops 56,"HomeSprunki Fiddlebops 56Sprunki Fiddlebops 56583 votesSprunki Fiddlebops 56 Modis aquirky, energetic, and rhythmically playfulSprunki mod that brings acartoonish, jazz-infused twistto the music-mixing experience. Featuringbouncy fiddle tunes, upbeat percussion, and vintage-inspired melodies, this mod blendsretro swing vibes with modern electronic beats, creating aunique fusion of classic and contemporary sounds. The visuals featurebright, exaggerated animations, wacky character designs, and liv...",Sprunki_Fiddlebops_56.png,https://wowtbc.net/sprunkin/fiddlebops56/index.html,"How to Play:
1. Click and drag beats to create music
2. Mix different sounds together
3. Create your own unique rhythms","Music,Rhythm","sprunki,music,rhythm,remix",sprunki-fiddlebops-56
Sprunki Momo,"HomeSprunki MomoSprunki Momo583 votesSprunki MOMO Modis adark, eerie, and unsettlingSprunki mod that brings themysterious and creepy aura of MOMOinto the world of rhythm mixing. This mod introduceshaunting melodies, distorted whispers, and glitchy horror sound effects, creating atense and chilling atmosphere. The visuals featuredistorted animations, static interference, and MOMO's unsettling gaze, making every mix feel like athrilling and spine-chilling experience.How to Play Sprunki Momo Mod:Dr...",Sprunki_Momo.png,https://wowtbc.net/sprunkin/sprunki-momo/index.html,"How to Play:
1. Click and drag beats to create music
2. Mix different sounds together
3. Create your own unique rhythms","Music,Rhythm","sprunki,music,rhythm,remix",sprunki-momo
Sprunki Night Time Phase 3,"HomeSprunki Night Time Phase 3Sprunki Night Time Phase 3583 votesSprunki Night Time Phase 3 Modis adark and atmospheric expansionof the Sprunki universe, diving deeper intomysterious, ambient beats and haunting night-time melodies. This mod introducesdeep bass pulses, eerie synth waves, and slow-burning rhythmic buildups, creating ahypnotic yet unsettling musical experience. The visuals areshadowy and neon-lit, featuringmoody lighting, flickering glitch effects, and surreal dreamlike animations,...",Sprunki_Night_Time_Phase_3.png,https://wowtbc.net/sprunkin/night-time-phase3/index.html,"How to Play:
1. Click and drag beats to create music
2. Mix different sounds together
3. Create your own unique rhythms","Music,Rhythm","sprunki,music,rhythm,remix",sprunki-night-time-phase-3
Sprunki ParaRoblox,"HomeSprunki ParaRobloxSprunki ParaRoblox583 votesSprunki Pararoblox Modis afusion of Sprunki's rhythmic creativitywith theblocky, digital world of Roblox, creating aunique crossover experience. This mod introduceschiptune-inspired beats, robotic synths, and glitchy distortions, capturing thefun, unpredictable essence of Robloxwhile maintaining Sprunki's signaturelayered and immersive sound design. The visuals featurepixelated environments, blocky character designs, and shifting digital effects, ...",Sprunki_ParaRoblox.png,https://wowtbc.net/sprunkin/pararoblox/index.html,"How to Play:
1. Click and drag beats to create music
2. Mix different sounds together
3. Create your own unique rhythms","Music,Rhythm","sprunki,music,rhythm,remix",sprunki-pararoblox
Sprunki Phase 101,"HomeSprunki Phase 101Sprunki Phase 101583 votesSprunki Phase 101 Modis anepic, high-stakes expansionof theSprunki Phase series, pushing the boundaries ofintensity, sound layering, and futuristic effects. This mod takes thechaotic energy of past phasesand amplifies it withultra-complex rhythms, deep bass distortions, and glitch-fueled synth patterns, creating apowerful, otherworldly soundscape. The visuals areelectrifying and surreal, featuringneon storms, cosmic digital effects, and phase-shifti...",Sprunki_Phase_101.png,https://wowtbc.net/sprunkin/phase101/index.html,"How to Play:
1. Click and drag beats to create music
2. Mix different sounds together
3. Create your own unique rhythms","Music,Rhythm","sprunki,music,rhythm,remix",sprunki-phase-101
Sprunki Phase 4.5 Remake,"HomeSprunki Phase 4.5 RemakeSprunki Phase 4.5 Remake583 votesSprunki Phase 4.5 Remake Modis arevamped and enhanced versionof the originalPhase 4.5, bringingsharper beats, deeper sound layering, and immersive visualsto create anext-level rhythmic experience. This remake refinesglitchy distortions, heavy basslines, and cinematic synths, making the soundscape feelricher and more intense. The visuals have been upgraded withneon lighting, glitch effects, and fluid character animations, giving the mod...",Sprunki_Phase_4.5_Remake.png,https://wowtbc.net/sprunkin/phase4.5-remake/index.html,"How to Play:
1. Click and drag beats to create music
2. Mix different sounds together
3. Create your own unique rhythms","Music,Rhythm","sprunki,music,rhythm,remix",sprunki-phase-4.5-remake
Sprunki Phase 777 But 3.7,"HomeSprunki Phase 777 But 3.7Sprunki Phase 777 But 3.7583 votesSprunki Phase 777 but 3.7 Modis achaotic, high-energy remixofPhase 777, refining itsintense beats, glitchy distortions, and cinematic soundscapeswith afresh 3.7 update. This version enhancesdeep basslines, electrifying synths, and unpredictable tempo shifts, creating apowerful and immersive music experience. The visuals are a fusion ofcosmic neon lights, digital corruption effects, and surreal, phase-shifting animations, making every...",Sprunki_Phase_777_But_3.7.png,https://wowtbc.net/sprunkin/phase777-3.7/index.html,"How to Play:
1. Click and drag beats to create music
2. Mix different sounds together
3. Create your own unique rhythms","Music,Rhythm","sprunki,music,rhythm,remix",sprunki-phase-777-but-3.7
Sprunki Phase 9 Original,"HomeSprunki Phase 9 OriginalSprunki Phase 9 Original583 votesSprunki Phase 9 Original Modis ahigh-energy, intense continuationof theSprunki Phase series, pushing the limits ofsound design and rhythmic complexity. This mod introducesdeep, cinematic basslines, glitchy distortions, and eerie, atmospheric synths, creating adark, futuristic soundscapethat immerses players in apulse-pounding musical battle. The visuals arebold and electrifying, featuringglowing neon elements, corrupted digital effects...",Sprunki_Phase_9_Original.png,https://wowtbc.net/sprunkin/phase9-original/index.html,"How to Play:
1. Click and drag beats to create music
2. Mix different sounds together
3. Create your own unique rhythms","Music,Rhythm","sprunki,music,rhythm,remix",sprunki-phase-9-original
Sprunki Pyramix Silly Edition,"HomeSprunki Pyramix Silly EditionSprunki Pyramix Silly Edition583 votesCode: YesSprunki Pyramix Silly Edition Modis awacky, unpredictable, and chaotic remixof the classicPyramix Mod, bringing afun and lighthearted twistto the structured, geometric soundscape of Pyramix. This mod replaces theserious, glitchy aesthetics with goofy sound effects, comedic melodies, and exaggerated beat distortions, making every mix feel like amusical joke that keeps getting funnier. The visuals are filled withcartoo...",Sprunki_Pyramix_Silly_Edition.png,https://wowtbc.net/sprunkin/pyramix-silly/index.html,"How to Play:
1. Click and drag beats to create music
2. Mix different sounds together
3. Create your own unique rhythms","Music,Rhythm","sprunki,music,rhythm,remix",sprunki-pyramix-silly-edition
Sprunki Pyramixed Human Edition,"HomeSprunki Pyramixed Human EditionSprunki Pyramixed Human Edition583 votesCode: PyramixSprunki Pyramixed Human Edition Modis aunique, character-driven twiston the classicPyramixed Mod, replacing its usual abstract and glitchy elements withrealistic, human-inspired beats and vocal samples. This mod introduceshumanized rhythms, organic percussion, and voice-infused harmonies, creating ablend of natural and digital soundscapes. The visuals featurelifelike character designs, expressive animations, ...",Sprunki_Pyramixed_Human_Edition.png,https://wowtbc.net/sprunkin/pyramixed-human/index.html,"How to Play:
1. Click and drag beats to create music
2. Mix different sounds together
3. Create your own unique rhythms","Music,Rhythm","sprunki,music,rhythm,remix",sprunki-pyramixed-human-edition
Sprunki Pyramixed Parasite,"HomeSprunki Pyramixed ParasiteSprunki Pyramixed Parasite583 votesSprunki Pyramixed Parasite Modis adark, glitch-infested fusionofPyramixed's geometric precisionandParasite's eerie, corrupted sound design. This mod blendshaunting synths, distorted basslines, and unsettling parasite-like effects, creating adeeply immersive and ominous soundscape. The visuals featureglitchy pyramid structures, pulsating organic corruption, and shifting neon-green parasite growths, making every mix feel like abattle...",Sprunki_Pyramixed_Parasite.png,https://wowtbc.net/sprunkin/pyramixed-parasite/index.html,"How to Play:
1. Click and drag beats to create music
2. Mix different sounds together
3. Create your own unique rhythms","Music,Rhythm","sprunki,music,rhythm,remix",sprunki-pyramixed-parasite
Sprunki Pyramixed Phase 5,"HomeSprunki Pyramixed Phase 5Sprunki Pyramixed Phase 5583 votesSprunki Pyramixed Phase 5 Modis apowerful fusionofPyramixed's structured, glitchy rhythmsandthe evolving depth of Phase 5, creating alayered, high-intensity soundscape. This mod introducesintricate synth patterns, deep bass distortions, and unpredictable tempo shifts, making every mix feel like amind-bending journey through digital pyramids and shifting realities. The visuals area fusion of neon-lit pyramids, fractured glitch effects...",Sprunki_Pyramixed_Phase_5.png,https://wowtbc.net/sprunkin/pyramixed-phase5/index.html,"How to Play:
1. Click and drag beats to create music
2. Mix different sounds together
3. Create your own unique rhythms","Music,Rhythm","sprunki,music,rhythm,remix",sprunki-pyramixed-phase-5
Sprunki Pyramixed but Agents,"HomeSprunki Pyramixed but AgentsSprunki Pyramixed but Agents583 votesSprunki Pyramixed But Agents Modintroduces aspy-thriller twistto the classicPyramixedexperience, bringingcovert characters, secretive beats, and high-stakes energyto the Sprunki universe. This modredesigns Sprunki characters as elite agents, blendingstealthy soundscapes, tactical beats, and mysterious visualsinto anew, action-packed music-creation adventure.How to Play Sprunki Pyramixed But Agents ModChoose Your Secret Agent Ch...",Sprunki_Pyramixed_but_Agents.png,https://wowtbc.net/sprunkin/pyramixed-agent/index.html,"How to Play:
1. Click and drag beats to create music
2. Mix different sounds together
3. Create your own unique rhythms","Music,Rhythm","sprunki,music,rhythm,remix",sprunki-pyramixed-but-agents
Sprunki RKIUPEN 11,"HomeSprunki RKIUPEN 11Sprunki RKIUPEN 11583 votesSprunki RkIUPEN 11 Modis amysterious and experimental remixthat pushesSprunki's rhythmic creativity into uncharted territory. This mod featuresglitchy, distorted beats, unpredictable tempo shifts, and deep, layered basslines, making each mix feel like asonic puzzle waiting to be solved. The visuals areabstract and cryptic, withfragmented animations, neon-lit symbols, and hidden messages woven into the design, creating anenigmatic and immersive atm...",Sprunki_RKIUPEN_11.png,https://wowtbc.net/sprunkin/rkiupen-11/index.html,"How to Play:
1. Click and drag beats to create music
2. Mix different sounds together
3. Create your own unique rhythms","Music,Rhythm","sprunki,music,rhythm,remix",sprunki-rkiupen-11
Sprunki Rebased,"HomeSprunki RebasedSprunki Rebased583 votesSprunki Rebased Modis arefined and reimagined remixof classic Sprunki elements, bringing afresh, polished sound with enhanced depth and energy. This mod introducescrisper beats, remastered basslines, and fluid transitions, making for asmooth yet powerful musical experience. The visuals aremodernized with sleek animations, vibrant neon lighting, and a futuristic UI, giving the mod ahigh-end, professional aesthetic.How to Play Sprunki Rebased Mod:Drag and...",Sprunki_Rebased.png,https://wowtbc.net/sprunkin/sprunki-rebased/index.html,"How to Play:
1. Click and drag beats to create music
2. Mix different sounds together
3. Create your own unique rhythms","Music,Rhythm","sprunki,music,rhythm,remix",sprunki-rebased
Sprunki Rejoin kayden & firends,"HomeSprunki Rejoin kayden & firendsSprunki Rejoin kayden & firends583 votesSprunki Rejoin: Kayden & Friends Modis aheartwarming, upbeat, and community-drivenSprunki mod that bringsKayden and his friends back together in a musical reunion. This mod blendsjoyful melodies, rhythmic teamwork, and nostalgic harmonies, creating afun and energetic soundscapefilled withfriendship and collaboration. The visuals arebright and lively, featuringcolorful animations, playful character designs, and dynamic gro...",Sprunki_Rejoin_kayden_&_firends.png,https://wowtbc.net/sprunkin/rejoin-kayden/index.html,"How to Play:
1. Click and drag beats to create music
2. Mix different sounds together
3. Create your own unique rhythms","Music,Rhythm","sprunki,music,rhythm,remix",sprunki-rejoin-kayden-&-firends
Sprunki Resurged,"HomeSprunki ResurgedSprunki Resurged583 votesSprunki RESURGED Modis arevitalized, high-energy remixthat breathesnew life into classic Sprunki beatswhile introducingrefined sound design, upgraded visuals, and fresh rhythmic twists. This mod takesiconic melodies, deep basslines, and intricate percussive elementsand reimagines them withmodern production techniques, glitch effects, and cinematic transitions, creating adynamic and immersive experience. The visuals aresleek and bold, featuringvibrant ...",Sprunki_Resurged.png,https://wowtbc.net/sprunkin/sprunki-resurged/index.html,"How to Play:
1. Click and drag beats to create music
2. Mix different sounds together
3. Create your own unique rhythms","Music,Rhythm","sprunki,music,rhythm,remix",sprunki-resurged
Sprunki Retake Human New,"HomeSprunki Retake Human NewSprunki Retake Human New583 votesSprunki Retake Human New Modis a fresh and immersive take onSprunki Retake, transforming all characters intohuman versionswhile enhancing the overall gameplay experience. This mod bringsdetailed human character designs, expressive animations, and refined sound effects, making theSprunki Retake universe feel more alive and dynamic than ever.How to Play Sprunki Retake Human New VersionSelect Your Humanized Sprunki Characters?The classic...",Sprunki_Retake_Human_New.jpg,https://wowtbc.net/sprunkin/retake-human-new/index.html,"How to Play:
1. Click and drag beats to create music
2. Mix different sounds together
3. Create your own unique rhythms","Music,Rhythm","sprunki,music,rhythm,remix",sprunki-retake-human-new
Sprunki Retake Poppy Playtime 4,"HomeSprunki Retake Poppy Playtime 4Sprunki Retake Poppy Playtime 4583 votesSprunki Retake: Poppy Playtime 4 Modis aspine-chilling, horror-infused remixthat blendsSprunki's rhythmic creativitywith the eerie, suspenseful atmosphere ofPoppy Playtime Chapter 4. This mod introduceshaunting synths, mechanical factory noises, and distorted toy-like melodies, creating adark, tension-filled experience. The visuals are packed withdimly lit corridors, glitchy animations, and unsettling character designs, m...",Sprunki_Retake_Poppy_Playtime_4.png,https://wowtbc.net/sprunkin/poppy-playtime4/index.html,"How to Play:
1. Click and drag beats to create music
2. Mix different sounds together
3. Create your own unique rhythms","Music,Rhythm","sprunki,music,rhythm,remix",sprunki-retake-poppy-playtime-4
Sprunki Retake: Deluxe Human Edition,"HomeSprunki Retake: Deluxe Human EditionSprunki Retake: Deluxe Human Edition583 votesSprunki Retake DELUXE Human Edition Modis ahighly refined, human-inspired remixthat elevatesSprunki's rhythmic world with organic vocals, expressive beats, and lifelike sound layering. Thisdeluxe editionenhancesnatural harmonics, deep voice effects, and realistic percussive elements, creating arich and immersive experiencethat blendshuman emotion with digital precision. The visuals arepolished and lifelike, feat...",Sprunki_Retake__Deluxe_Human_Edition.png,https://wowtbc.net/sprunkin/retake-deluxe-human/index.html,"How to Play:
1. Click and drag beats to create music
2. Mix different sounds together
3. Create your own unique rhythms","Music,Rhythm","sprunki,music,rhythm,remix",sprunki-retake-deluxe-human-edition
Sprunki Retake: Golden Apple,"HomeSprunki Retake: Golden AppleSprunki Retake: Golden Apple583 votesSprunki Retake: Golden Apple Modis aremastered and enhancedversion of the originalGolden Apple-inspired mod, bringingpolished beats, refined melodies, and an upgraded visual experienceto Sprunki. This mod blendsgolden, orchestral harmonies with glitchy distortions and rhythmic complexity, creating abalanced mix of elegance and chaos. The visuals featureshining golden hues, dynamic lighting effects, and smooth character animatio...",Sprunki_Retake__Golden_Apple.png,https://wowtbc.net/sprunkin/retake-golden-apple/index.html,"How to Play:
1. Click and drag beats to create music
2. Mix different sounds together
3. Create your own unique rhythms","Music,Rhythm","sprunki,music,rhythm,remix",sprunki-retake-golden-apple
Sprunki Revamped 2.0,"HomeSprunki Revamped 2.0Sprunki Revamped 2.0583 votesSprunki Revamped 2.0 Modis apolished and upgradedversion of the classic Sprunki experience, featuringrefined beats, smoother transitions, and enhanced sound design. This mod introducesnew instrument layers, remastered effects, and dynamic animations, making it asleek and modernized take on Sprunki's signature rhythm style. The visuals have beenrevamped with sharper graphics, vibrant neon effects, and fluid animations, creating anext-level, imm...",Sprunki_Revamped_2.0.png,https://wowtbc.net/sprunkin/revamped-2/index.html,"How to Play:
1. Click and drag beats to create music
2. Mix different sounds together
3. Create your own unique rhythms","Music,Rhythm","sprunki,music,rhythm,remix",sprunki-revamped-2.0
Sprunki Revisited,"HomeSprunki RevisitedSprunki Revisited583 votesSprunki REVISITED Modis arefined and nostalgic reimaginingof Sprunki, bringingremastered sounds, enhanced visuals, and a fresh takeon classic elements. This modrevives iconic beats, melodies, and rhythmswithmodern production techniques, making every mix feel like atribute to the past while embracing the future. The visuals arepolished yet familiar, featuringupdated character designs, smoother animations, and a sleek new interface, giving the mod afr...",Sprunki_Revisited.png,https://wowtbc.net/sprunkin/sprunki-revisted/index.html,"How to Play:
1. Click and drag beats to create music
2. Mix different sounds together
3. Create your own unique rhythms","Music,Rhythm","sprunki,music,rhythm,remix",sprunki-revisited
Sprunki Rotrizi 5.0,"HomeSprunki Rotrizi 5.0Sprunki Rotrizi 5.0583 votesSprunki Rotrizi 5.0 Modis ahighly advanced, futuristic remixthat bringsnext-level sound layering, glitch effects, and deep bass distortionsto the world of Sprunki. This mod builds uponRotrizi's signature intense and rhythmic complexity, refining it withcrisper beats, rapid tempo shifts, and electrifying synths, making for animmersive, pulse-pounding experience. The visuals featureglowing neon grids, holographic animations, and rotating, surreal ...",Sprunki_Rotrizi_5.0.png,https://wowtbc.net/sprunkin/rotrizi5/index.html,"How to Play:
1. Click and drag beats to create music
2. Mix different sounds together
3. Create your own unique rhythms","Music,Rhythm","sprunki,music,rhythm,remix",sprunki-rotrizi-5.0
Sprunki Simplified Phase 2 All Character,"HomeSprunki Simplified Phase 2 All CharacterSprunki Simplified Phase 2 All Character583 votesSprunki Simplified Phase 2 All Character Modis astreamlined yet powerful versionofPhase 2, featuringevery character in a refined, easy-to-use formatwhile keeping thecore energy and depthof the original. This mod simplifiescomplex rhythms, enhances smooth transitions, and balances sound layering, making itaccessible for both new and experienced players. The visuals arecleaner and more vibrant, featuringmi...",Sprunki_Simplified_Phase_2_All_Character.png,https://wowtbc.net/sprunkin/simplified-phase2/index.html,"How to Play:
1. Click and drag beats to create music
2. Mix different sounds together
3. Create your own unique rhythms","Music,Rhythm","sprunki,music,rhythm,remix",sprunki-simplified-phase-2-all-character
Sprunki Skibidi Toilet Remake 4.5,"HomeSprunki Skibidi Toilet Remake 4.5Sprunki Skibidi Toilet Remake 4.5583 votesSprunki Skibidi Toilet Remake 4.5is achaotic, meme-fueled remixthat blendsSprunki's rhythmic creativitywith theviral absurdity of Skibidi Toilet. This mod takes thewacky, unpredictable energyof the Skibidi universe and refines it withcleaner beats, enhanced sound effects, and smoother transitions, making for aneven crazier, high-energy music experience. The visuals featurehyperactive toilet animations, glitchy effects...",Sprunki_Skibidi_Toilet_Remake_4.5.png,https://wowtbc.net/sprunkin/skibidi-toilet4.5/index.html,"How to Play:
1. Click and drag beats to create music
2. Mix different sounds together
3. Create your own unique rhythms","Music,Rhythm","sprunki,music,rhythm,remix",sprunki-skibidi-toilet-remake-4.5
Sprunki Specimen,"HomeSprunki SpecimenSprunki Specimen583 votesSprunki Specimen Modis amysterious and eerie remixthat transforms Sprunki into adark, experimental soundscapefilled withhaunting melodies, glitchy distortions, and unsettling rhythms. This mod introducesdeep bass pulses, warped synths, and creeping, atmospheric echoes, making each beat feel like it'semerging from a hidden laboratory of sound experiments. The visuals areglitch-infused, featuring eerie neon green overlays, corrupted animations, and an u...",Sprunki_Specimen.png,https://wowtbc.net/sprunkin/sprunki-specimen/index.html,"How to Play:
1. Click and drag beats to create music
2. Mix different sounds together
3. Create your own unique rhythms","Music,Rhythm","sprunki,music,rhythm,remix",sprunki-specimen
Sprunki Spmerge,"HomeSprunki SpmergeSprunki Spmerge583 votesSprunki Spmerge Modis afusion-driven, experimental remixthat blendsmultiple Sprunki styles and sound elementsinto aharmonized yet chaotic musical experience. This mod takesbeats from various Sprunki mods, merging them intounexpected, layered compositionsthat create aunique, evolving soundscape. The visuals featureglitchy mashups, combined character designs, and dynamic animations, representing thespontaneous merging of different musical influences.How t...",Sprunki_Spmerge.png,https://wowtbc.net/sprunkin/spmerge/index.html,"How to Play:
1. Click and drag beats to create music
2. Mix different sounds together
3. Create your own unique rhythms","Music,Rhythm","sprunki,music,rhythm,remix",sprunki-spmerge
Sprunki Sprunktastical,"HomeSprunki SprunktasticalSprunki Sprunktastical583 votesSprunki Sprunktastical Modis awild, energetic, and over-the-top remixthat turns the Sprunki experience into aspectacular musical explosion. This mod takesvibrant synths, funky basslines, and exaggerated sound effects, blending them into achaotic yet insanely fun soundscape. Every beat feelslarger than life, withunexpected drops, playful transitions, and colorful harmonicsthat make the experience feel like agrand musical festival. The visua...",Sprunki_Sprunktastical.png,https://wowtbc.net/sprunkin/sprunktastical/index.html,"How to Play:
1. Click and drag beats to create music
2. Mix different sounds together
3. Create your own unique rhythms","Music,Rhythm","sprunki,music,rhythm,remix",sprunki-sprunktastical
Sprunki Spruted Remastered,"HomeSprunki Spruted RemasteredSprunki Spruted Remastered583 votesSprunki Spruted Remastered Modis arevamped and polishedversion of the originalSprunki Spruted, featuringcrisper beats, enhanced sound layering, and smoother transitionsfor amore immersive and refined experience. This remastered edition bringsricher harmonics, deeper basslines, and fine-tuned effects, making every mix feelfuller and more dynamic. The visuals have been upgraded withhigh-definition animations, vibrant neon glows, and ...",Sprunki_Spruted_Remastered.jpeg,https://wowtbc.net/sprunkin/spruted-remastered/index.html,"How to Play:
1. Click and drag beats to create music
2. Mix different sounds together
3. Create your own unique rhythms","Music,Rhythm","sprunki,music,rhythm,remix",sprunki-spruted-remastered
Sprunki Swapped Nuclear Version,"HomeSprunki Swapped Nuclear VersionSprunki Swapped Nuclear Version583 votesSprunki Swapped Nuclear Version Modis aradioactive, chaotic remixthat blends thecharacter-swapping mechanics of Sprunki Swappedwith thehigh-intensity, apocalyptic energy of nuclear fallout. This mod introducesdistorted basslines, explosive beats, and glitchy radiation effects, creating apowerful, unstable soundscape. The visuals featureglowing green nuclear symbols, wasteland-inspired designs, and corrupted character swap...",Sprunki_Swapped_Nuclear_Version.png,https://wowtbc.net/sprunkin/swapped-nuclear/index.html,"How to Play:
1. Click and drag beats to create music
2. Mix different sounds together
3. Create your own unique rhythms","Music,Rhythm","sprunki,music,rhythm,remix",sprunki-swapped-nuclear-version
Sprunki Ultimate Deluxe,"HomeSprunki Ultimate DeluxeSprunki Ultimate Deluxe583 votesSprunki Ultimate Deluxe Modis thedefinitive, feature-packed expansionof the Sprunki universe, bringing togetherthe best elements from multiple modsinto onemassive, polished, and high-energy experience. This mod introducesremastered beats, enhanced sound layering, and a deluxe selection of rhythmic styles, making it theultimate Sprunki remix adventure. The visuals are upgraded withvibrant animations, sleek UI enhancements, and stunning ne...",Sprunki_Ultimate_Deluxe.png,https://wowtbc.net/sprunkin/ultimate-deluxe/index.html,"How to Play:
1. Click and drag beats to create music
2. Mix different sounds together
3. Create your own unique rhythms","Music,Rhythm","sprunki,music,rhythm,remix",sprunki-ultimate-deluxe
Sprunki Unswapped,"HomeSprunki UnswappedSprunki Unswapped583 votesSprunki Unswapped Modis aunique twist on the classic Sprunki experience, reversing the familiar swapped elements and restoring characters to theiroriginal, yet slightly altered forms. This mod reintroducesclassic beats with subtle remixes, refined rhythms, and unexpected sound variations, making it feel like afresh yet nostalgic take on Sprunki. The visuals area mix of old and new, featuringrestored character designs, polished animations, and a vibr...",Sprunki_Unswapped.png,https://wowtbc.net/sprunkin/unswapped/index.html,"How to Play:
1. Click and drag beats to create music
2. Mix different sounds together
3. Create your own unique rhythms","Music,Rhythm","sprunki,music,rhythm,remix",sprunki-unswapped
Sprunki Vintage Definitive Phase 3,"HomeSprunki Vintage Definitive Phase 3Sprunki Vintage Definitive Phase 3583 votesSprunki: The Vintage Definitive Phase 3 Modis aretro-inspired, refined editionofPhase 3, bringing aclassic, old-school twistto the Sprunki experience. This mod blendsvintage jazz, orchestral elements, and analog synthswith thepowerful, deep beats of Phase 3, creating atimeless and sophisticated soundscape. The visuals are upgraded withsepia-toned aesthetics, film grain effects, and classic vinyl animations, giving t...",Sprunki_Vintage_Definitive_Phase_3.png,https://wowtbc.net/sprunkin/vintage-phase/index.html,"How to Play:
1. Click and drag beats to create music
2. Mix different sounds together
3. Create your own unique rhythms","Music,Rhythm","sprunki,music,rhythm,remix",sprunki-vintage-definitive-phase-3
Sprunki deluxe!!,"HomeSprunki deluxe!!Sprunki deluxe!!583 votesSprunki Deluxe!! Modis apremium, feature-packed expansionof the Sprunki experience, bringinghigh-quality visuals, enhanced sound effects, and exclusive new contentto the game. This modrefines and expandsupon the original Sprunki formula, delivering amore polished, immersive, and creativemusic-making adventure.How to Play Sprunki Deluxe!! ModChoose from an Upgraded Character Lineup?TheDeluxe!! editionintroducesnew Sprunki charactersalongsideremastered...",Sprunki_deluxe!!.png,https://wowtbc.net/sprunkin/sprunki-deluxe!/index.html,"How to Play:
1. Click and drag beats to create music
2. Mix different sounds together
3. Create your own unique rhythms","Music,Rhythm","sprunki,music,rhythm,remix",sprunki-deluxe!!
Sprunki: The History of Plants,"HomeSprunki: The History of PlantsSprunki: The History of Plants583 votesSprunki: The History of Plants Modis anature-inspired, organic rhythm modthat takes players on amusical journey through the evolution of plant life. Fromancient forests to futuristic bio-mechanical greenery, this mod blendsearthy percussion, soft wind instruments, and ambient nature soundsto create aharmonious, evolving soundscape. The visuals are rich withlush greenery, blooming animations, and shifting biomes, making ever...",Sprunki__The_History_of_Plants.png,https://wowtbc.net/sprunkin/history-of-plants/index.html,"How to Play:
1. Click and drag beats to create music
2. Mix different sounds together
3. Create your own unique rhythms","Music,Rhythm","sprunki,music,rhythm,remix",sprunki-the-history-of-plants
Sprunkirb,"HomeSprunkirbSprunkirb583 votesSprunkirb Modis afun, colorful, and whimsicalSprunki mod that fusesthe playful, bouncy energy of Kirbywith Sprunki's signature rhythm-mixing experience. This mod introducessoft, dreamy synths, cheerful chiptune beats, and lighthearted melodies, creating ajoyful and nostalgic soundscape. The visuals arebright and cartoony, featuringpuffy clouds, floating islands, and a pastel-colored dream world, making every mix feel like amusical adventure through a cute and bubbl...",Sprunkirb.png,https://wowtbc.net/sprunkin/sprunkirb/index.html,"How to Play:
1. Click and drag beats to create music
2. Mix different sounds together
3. Create your own unique rhythms","Music,Rhythm","sprunki,music,rhythm,remix",sprunkirb
Sprunkirus 2,"HomeSprunkirus 2Sprunkirus 2583 votesSprunkirus 2 Modis aglitchy, virus-infected sequelthat expands upon the eerie, corrupted soundscape of the originalSprunkirus Mod. This mod introducesdeeper digital distortions, chaotic synth glitches, and haunting, infected melodies, creating adark and immersive experiencewhere every beat feels like it's breaking apart in real time. The visuals are filled withglitch effects, pixelated corruption, and flickering neon virus codes, making every mix feel like ab...",Sprunkirus_2.png,https://wowtbc.net/sprunkin/sprunkirus2/index.html,"How to Play:
1. Click and drag beats to create music
2. Mix different sounds together
3. Create your own unique rhythms","Music,Rhythm","sprunki,music,rhythm,remix",sprunkirus-2
Sprunkle Salad,"HomeSprunkle SaladSprunkle Salad583 votesSprunkle Salad Modis afresh, vibrant, and funky remixthat blendsSprunki's rhythmic creativitywith afun, food-inspired twist. This mod introducescrunchy beats, zesty melodies, and playful, organic sound effects, making for arefreshing and upbeat music experience. The visuals are filled withcolorful vegetables, animated ingredients, and a lively, kitchen-themed aesthetic, turning every mix into amusical salad of sounds.How to Play Sprunki Sprunkle Salad Gam...",Sprunkle_Salad.png,https://wowtbc.net/sprunkin/sprunkle-salad/index.html,"How to Play:
1. Click and drag beats to create music
2. Mix different sounds together
3. Create your own unique rhythms","Music,Rhythm","sprunki,music,rhythm,remix",sprunkle-salad
Sprunkstard Pyramixed,"HomeSprunkstard PyramixedSprunkstard Pyramixed583 votesSprunkstard Pyramixed Modis afusion of structured complexity and chaotic rhythms, combining theunpredictable energy of Sprunkstardwith thegeometric precision of Pyramixed. This mod introduceslayered synths, glitchy basslines, and angular beat patterns, creating asharp yet dynamic musical experience. The visuals featurepyramid-inspired neon designs, shifting geometric animations, and glitch effects, making every mix feellike a digital labyrin...",Sprunkstard_Pyramixed.png,https://wowtbc.net/sprunkin/sprunkstard-pyramixed/index.html,"How to Play:
1. Click and drag beats to create music
2. Mix different sounds together
3. Create your own unique rhythms","Music,Rhythm","sprunki,music,rhythm,remix",sprunkstard-pyramixed
Sprunksters But Sprunki,"HomeSprunksters But SprunkiSprunksters But Sprunki583 votesWith Sprunksters but Sprunki Modis afusion of the energetic, upbeat style of Sprunksterswith thesignature rhythmic depth of Sprunki, creating adynamic, high-energy remix. This mod transforms thefast-paced beats and playful melodiesof Sprunksters withSprunki's smooth harmonics, deep basslines, and layered sound effects, giving it arefined yet electrifying sound. The visuals combineSprunksters?cartoonish charm with Sprunki's vibrant, glit...",Sprunksters_But_Sprunki.png,https://wowtbc.net/sprunkin/sprunksters-but-sprunki/index.html,"How to Play:
1. Click and drag beats to create music
2. Mix different sounds together
3. Create your own unique rhythms","Music,Rhythm","sprunki,music,rhythm,remix",sprunksters-but-sprunki
Sprunksters but Happy Tree Friends,"HomeSprunksters but Happy Tree FriendsSprunksters but Happy Tree Friends583 votesSprunksters But Happy Tree Friends Modis a chaotic and exciting crossover that bringsthe wild, unpredictable energy of Happy Tree Friendsinto the world ofSprunksters. This mod blendsadorable yet dangerously unpredictable characterswith Sprunksters?signature music-making mechanics, creating afun yet surprisingly intense experiencewhere music meets mayhem.How to Play Sprunksters But Happy Tree Friends ModSelect Your ...",Sprunksters_but_Happy_Tree_Friends.png,https://wowtbc.net/sprunkin/sprunksters-happy-tree/index.html,"How to Play:
1. Click and drag beats to create music
2. Mix different sounds together
3. Create your own unique rhythms","Music,Rhythm","sprunki,music,rhythm,remix",sprunksters-but-happy-tree-friends
Spruted Remastered Final Update,"HomeSpruted Remastered Final UpdateSpruted Remastered Final Update583 votesSpruted Remastered Final Update Modis thedefinitive and ultimate versionof theSpruted Remastered Mod, delivering afully polished, refined, and expanded experience. This final update enhancessound quality, beat transitions, and visual elements, making it themost immersive and complete edition yet. Withnewly remastered melodies, deeper bass, and enhanced layering, every mix feelscrisper, smoother, and more powerfulthan ever...",Spruted_Remastered_Final_Update.png,https://wowtbc.net/sprunkin/spruted-remastered-final/index.html,"How to Play:
1. Click and drag beats to create music
2. Mix different sounds together
3. Create your own unique rhythms","Music,Rhythm","sprunki,music,rhythm,remix",spruted-remastered-final-update
Spruted Remastered Pyramixed,"HomeSpruted Remastered PyramixedSpruted Remastered Pyramixed583 votesSpruted Remastered Pyramixed Modis afusion of Spruted Remastered's refined soundscapeswith thestructured, glitchy complexity of Pyramixed, creating apolished yet unpredictable musical experience. This mod introducescrisp, layered beats, deep basslines, and geometric synth patterns, blendingsmooth melodies with chaotic digital distortions. The visuals featuresharp neon pyramids, glitch-infused backgrounds, and a mix of polished ...",Spruted_Remastered_Pyramixed.png,https://wowtbc.net/sprunkin/spruted-remastered-pyramixed/index.html,"How to Play:
1. Click and drag beats to create music
2. Mix different sounds together
3. Create your own unique rhythms","Music,Rhythm","sprunki,music,rhythm,remix",spruted-remastered-pyramixed
The Jazz Sprunki: Big Of The City,"HomeThe Jazz Sprunki: Big Of The CityThe Jazz Sprunki: Big Of The City583 votesThe Jazz Sprunki: Big of the City Modis asmooth, classy, and rhythmically richSprunki mod that brings thesoulful energy of jazzinto the world of Sprunki. Set against the backdrop of abustling, neon-lit city, this mod introducesswing rhythms, saxophone solos, deep double basslines, and brushed drum beats, creating acool and sophisticated soundscape. The visuals featurewarm, dimly lit jazz clubs, bustling streets, and r...",The_Jazz_Sprunki__Big_Of_The_City.png,https://wowtbc.net/sprunkin/jazz-city-sprunki/index.html,"How to Play:
1. Click and drag beats to create music
2. Mix different sounds together
3. Create your own unique rhythms","Music,Rhythm","sprunki,music,rhythm,remix",the-jazz-sprunki-big-of-the-city
